{"name": "microbench_tests", "gem5_binary": "/data/home/ycc32/450_project/gem5/build/X86/gem5.opt", "run_script": "gem5-config/run_micro.py", "params": ["Minor4", "Slow", "microbenchmark/EI/bench.X86", "DDR3_2133_8x8", "--clock=1GHz"], "timeout": 900, "_id": "9329ba0a-77a8-4d26-afff-fbf833e419fa", "outdir": "/data/home/ycc32/450_project/gem5/results/X86/run_micro/EI/Minor4/Slow/DDR3_2133_8x8/1GHz", "gem5_name": "X86", "script_name": "run_micro", "running": false, "enqueue_time": 1638926832.95963, "start_time": 1638926833.0073786, "end_time": 1638926838.024619, "return_code": 0, "kill_reason": "", "status": "Finished", "pid": 985615, "task_id": null, "results": null, "string": "X86 run_microMinor4 Slow microbenchmark/EI/bench.X86 DDR3_2133_8x8 --clock=1GHz", "command": ["/data/home/ycc32/450_project/gem5/build/X86/gem5.opt", "--debug-flags=HWPrefetch", "-re", "--outdir=/data/home/ycc32/450_project/gem5/results/X86/run_micro/EI/Minor4/Slow/DDR3_2133_8x8/1GHz", "gem5-config/run_micro.py", "Minor4", "Slow", "microbenchmark/EI/bench.X86", "DDR3_2133_8x8", "--clock=1GHz"], "hash": "de8f774ebbba5dfcedaf58bdafc6b370", "type": "gem5 run", "current_time": 1638926833.0170724}