{"name": "microbench_tests", "gem5_binary": "/workspaces/gem5/build/X86/gem5.opt", "run_script": "gem5-config/run_micro.py", "params": ["Minor4", "Slow", "microbenchmark/EI/bench.X86", "DDR3_2133_8x8", "--clock=1GHz"], "timeout": 900, "_id": "1230fd6c-db42-4d8e-8f6e-3f8c78a55f99", "outdir": "/workspaces/gem5/results/X86/run_micro/EI/Minor4/Slow/DDR3_2133_8x8/1GHz", "gem5_name": "X86", "script_name": "run_micro", "running": false, "enqueue_time": 1638050065.4059956, "start_time": 1638050065.456165, "end_time": 1638050070.4924276, "return_code": 0, "kill_reason": "", "status": "Finished", "pid": 13127, "task_id": null, "results": null, "string": "X86 run_microMinor4 Slow microbenchmark/EI/bench.X86 DDR3_2133_8x8 --clock=1GHz", "command": ["/workspaces/gem5/build/X86/gem5.opt", "-re", "--outdir=/workspaces/gem5/results/X86/run_micro/EI/Minor4/Slow/DDR3_2133_8x8/1GHz", "gem5-config/run_micro.py", "Minor4", "Slow", "microbenchmark/EI/bench.X86", "DDR3_2133_8x8", "--clock=1GHz"], "hash": "de8f774ebbba5dfcedaf58bdafc6b370", "type": "gem5 run", "current_time": 1638050065.4683177}