{"name": "microbench_tests", "gem5_binary": "/data/home/ycc32/450_project/gem5/build/X86/gem5.opt", "run_script": "gem5-config/run_micro.py", "params": ["Minor4", "Slow", "microbenchmark/CCl/bench.X86", "DDR3_2133_8x8", "--clock=1GHz"], "timeout": 900, "_id": "10c18b6f-92ee-46d6-b42b-938b825eeed1", "outdir": "/data/home/ycc32/450_project/gem5/results/X86/run_micro/CCl/Minor4/Slow/DDR3_2133_8x8/1GHz", "gem5_name": "X86", "script_name": "run_micro", "running": false, "enqueue_time": 1638846765.1823342, "start_time": 1638846765.2260475, "end_time": 1638846770.24024, "return_code": 0, "kill_reason": "", "status": "Finished", "pid": 857924, "task_id": null, "results": null, "string": "X86 run_microMinor4 Slow microbenchmark/CCl/bench.X86 DDR3_2133_8x8 --clock=1GHz", "command": ["/data/home/ycc32/450_project/gem5/build/X86/gem5.opt", "--debug-flags=HWPrefetch", "-re", "--outdir=/data/home/ycc32/450_project/gem5/results/X86/run_micro/CCl/Minor4/Slow/DDR3_2133_8x8/1GHz", "gem5-config/run_micro.py", "Minor4", "Slow", "microbenchmark/CCl/bench.X86", "DDR3_2133_8x8", "--clock=1GHz"], "hash": "ee45c34fbaf548540f3bb19a975aeed7", "type": "gem5 run", "current_time": 1638846765.2327826}