{"name": "microbench_tests", "gem5_binary": "/workspaces/gem5/build/X86/gem5.opt", "run_script": "gem5-config/run_micro.py", "params": ["Minor4", "Slow", "microbenchmark/CCl/bench.X86", "DDR3_2133_8x8", "--clock=1GHz"], "timeout": 900, "_id": "cd042300-d7ea-487c-96c7-4670692d1d72", "outdir": "/workspaces/gem5/results/X86/run_micro/CCl/Minor4/Slow/DDR3_2133_8x8/1GHz", "gem5_name": "X86", "script_name": "run_micro", "running": false, "enqueue_time": 1638050065.3382003, "start_time": 1638050065.4564986, "end_time": 1638050070.4924278, "return_code": 0, "kill_reason": "", "status": "Finished", "pid": 13129, "task_id": null, "results": null, "string": "X86 run_microMinor4 Slow microbenchmark/CCl/bench.X86 DDR3_2133_8x8 --clock=1GHz", "command": ["/workspaces/gem5/build/X86/gem5.opt", "-re", "--outdir=/workspaces/gem5/results/X86/run_micro/CCl/Minor4/Slow/DDR3_2133_8x8/1GHz", "gem5-config/run_micro.py", "Minor4", "Slow", "microbenchmark/CCl/bench.X86", "DDR3_2133_8x8", "--clock=1GHz"], "hash": "ee45c34fbaf548540f3bb19a975aeed7", "type": "gem5 run", "current_time": 1638050065.4683726}