{"name": "microbench_tests", "gem5_binary": "/data/home/ycc32/450_project/gem5/build/X86/gem5.opt", "run_script": "gem5-config/run_micro.py", "params": ["Minor4", "Slow", "microbenchmark/MI/bench.X86", "DDR3_2133_8x8", "--clock=1GHz"], "timeout": 900, "_id": "ba929171-af4e-4ed1-8f5f-112676950faa", "outdir": "/data/home/ycc32/450_project/gem5/results/X86/run_micro/MI/Minor4/Slow/DDR3_2133_8x8/1GHz", "gem5_name": "X86", "script_name": "run_micro", "running": false, "enqueue_time": 1639120987.2720683, "start_time": 1639120987.333027, "end_time": 1639120992.3460257, "return_code": 0, "kill_reason": "", "status": "Finished", "pid": 1094367, "task_id": null, "results": null, "string": "X86 run_microMinor4 Slow microbenchmark/MI/bench.X86 DDR3_2133_8x8 --clock=1GHz", "command": ["/data/home/ycc32/450_project/gem5/build/X86/gem5.opt", "--debug-flags=HWPrefetch", "-re", "--outdir=/data/home/ycc32/450_project/gem5/results/X86/run_micro/MI/Minor4/Slow/DDR3_2133_8x8/1GHz", "gem5-config/run_micro.py", "Minor4", "Slow", "microbenchmark/MI/bench.X86", "DDR3_2133_8x8", "--clock=1GHz"], "hash": "de869401759d56ccb378519ce1f13718", "type": "gem5 run", "current_time": 1639120987.3399425}