{"name": "microbench_tests", "gem5_binary": "/workspaces/gem5/build/X86/gem5.opt", "run_script": "gem5-config/run_micro.py", "params": ["Minor4", "Slow", "microbenchmark/MI/bench.X86", "DDR3_2133_8x8", "--clock=1GHz"], "timeout": 900, "_id": "07583293-ab7b-4e6c-a6e6-b4a4ad810c32", "outdir": "/workspaces/gem5/results/X86/run_micro/MI/Minor4/Slow/DDR3_2133_8x8/1GHz", "gem5_name": "X86", "script_name": "run_micro", "running": false, "enqueue_time": 1638050065.4275177, "start_time": 1638050065.455782, "end_time": 1638050070.4924736, "return_code": 0, "kill_reason": "", "status": "Finished", "pid": 13124, "task_id": null, "results": null, "string": "X86 run_microMinor4 Slow microbenchmark/MI/bench.X86 DDR3_2133_8x8 --clock=1GHz", "command": ["/workspaces/gem5/build/X86/gem5.opt", "-re", "--outdir=/workspaces/gem5/results/X86/run_micro/MI/Minor4/Slow/DDR3_2133_8x8/1GHz", "gem5-config/run_micro.py", "Minor4", "Slow", "microbenchmark/MI/bench.X86", "DDR3_2133_8x8", "--clock=1GHz"], "hash": "de869401759d56ccb378519ce1f13718", "type": "gem5 run", "current_time": 1638050065.4683664}