{"name": "microbench_tests", "gem5_binary": "/workspaces/gem5/build/X86/gem5.opt", "run_script": "gem5-config/run_micro.py", "params": ["Minor4", "Slow", "microbenchmark/DP1f/bench.X86", "DDR3_2133_8x8", "--clock=1GHz"], "timeout": 900, "_id": "9463a5c1-b354-4906-b4c8-5db559122c85", "outdir": "/workspaces/gem5/results/X86/run_micro/DP1f/Minor4/Slow/DDR3_2133_8x8/1GHz", "gem5_name": "X86", "script_name": "run_micro", "running": false, "enqueue_time": 1638050065.360577, "start_time": 1638050065.4561207, "end_time": 1638050070.4924319, "return_code": 0, "kill_reason": "", "status": "Finished", "pid": 13125, "task_id": null, "results": null, "string": "X86 run_microMinor4 Slow microbenchmark/DP1f/bench.X86 DDR3_2133_8x8 --clock=1GHz", "command": ["/workspaces/gem5/build/X86/gem5.opt", "-re", "--outdir=/workspaces/gem5/results/X86/run_micro/DP1f/Minor4/Slow/DDR3_2133_8x8/1GHz", "gem5-config/run_micro.py", "Minor4", "Slow", "microbenchmark/DP1f/bench.X86", "DDR3_2133_8x8", "--clock=1GHz"], "hash": "bd7defa049222cc0eee1634931633fa5", "type": "gem5 run", "current_time": 1638050065.4684157}