{"name": "microbench_tests", "gem5_binary": "/data/home/ycc32/450_project/gem5/build/X86/gem5.opt", "run_script": "gem5-config/run_micro.py", "params": ["Minor4", "Slow", "microbenchmark/DP1f/bench.X86", "DDR3_2133_8x8", "--clock=1GHz"], "timeout": 900, "_id": "a26c91a9-3e53-4c38-bca9-2aa910d4591b", "outdir": "/data/home/ycc32/450_project/gem5/results/X86/run_micro/DP1f/Minor4/Slow/DDR3_2133_8x8/1GHz", "gem5_name": "X86", "script_name": "run_micro", "running": false, "enqueue_time": 1639553651.8969958, "start_time": 1639553651.9408019, "end_time": 1639553656.9538538, "return_code": 0, "kill_reason": "", "status": "Finished", "pid": 1295360, "task_id": null, "results": null, "string": "X86 run_microMinor4 Slow microbenchmark/DP1f/bench.X86 DDR3_2133_8x8 --clock=1GHz", "command": ["/data/home/ycc32/450_project/gem5/build/X86/gem5.opt", "--debug-flags=HWPrefetch", "-re", "--outdir=/data/home/ycc32/450_project/gem5/results/X86/run_micro/DP1f/Minor4/Slow/DDR3_2133_8x8/1GHz", "gem5-config/run_micro.py", "Minor4", "Slow", "microbenchmark/DP1f/bench.X86", "DDR3_2133_8x8", "--clock=1GHz"], "hash": "bd7defa049222cc0eee1634931633fa5", "type": "gem5 run", "current_time": 1639553651.9464624}