{"name": "microbench_tests", "gem5_binary": "/data/home/ycc32/450_project/gem5/build/X86/gem5.opt", "run_script": "gem5-config/run_micro.py", "params": ["Minor4", "Slow", "microbenchmark/ED1/bench.X86", "DDR3_2133_8x8", "--clock=1GHz"], "timeout": 900, "_id": "bf9848ed-4d2a-41f0-bdcd-db5e09abcd2d", "outdir": "/data/home/ycc32/450_project/gem5/results/X86/run_micro/ED1/Minor4/Slow/DDR3_2133_8x8/1GHz", "gem5_name": "X86", "script_name": "run_micro", "running": false, "enqueue_time": 1638859767.37422, "start_time": 1638859767.4159594, "end_time": 1638859772.4324665, "return_code": 0, "kill_reason": "", "status": "Finished", "pid": 878607, "task_id": null, "results": null, "string": "X86 run_microMinor4 Slow microbenchmark/ED1/bench.X86 DDR3_2133_8x8 --clock=1GHz", "command": ["/data/home/ycc32/450_project/gem5/build/X86/gem5.opt", "--debug-flags=HWPrefetch", "-re", "--outdir=/data/home/ycc32/450_project/gem5/results/X86/run_micro/ED1/Minor4/Slow/DDR3_2133_8x8/1GHz", "gem5-config/run_micro.py", "Minor4", "Slow", "microbenchmark/ED1/bench.X86", "DDR3_2133_8x8", "--clock=1GHz"], "hash": "1d0f5c412a78f96ed75caf1c5792cce2", "type": "gem5 run", "current_time": 1638859767.423955}