{"name": "microbench_tests", "gem5_binary": "/data/home/ycc32/450_project/gem5/build/X86/gem5.opt", "run_script": "gem5-config/run_micro.py", "params": ["Minor4", "Slow", "microbenchmark/ED1/bench.X86", "DDR3_2133_8x8", "--clock=1GHz"], "timeout": 900, "_id": "405be2f7-f940-44b3-a954-693ad96da7aa", "outdir": "/data/home/ycc32/450_project/gem5/results/X86/run_micro/ED1/Minor4/Slow/DDR3_2133_8x8/1GHz", "gem5_name": "X86", "script_name": "run_micro", "running": false, "enqueue_time": 1639553651.877537, "start_time": 1639553651.9392664, "end_time": 1639553656.955559, "return_code": 0, "kill_reason": "", "status": "Finished", "pid": 1295362, "task_id": null, "results": null, "string": "X86 run_microMinor4 Slow microbenchmark/ED1/bench.X86 DDR3_2133_8x8 --clock=1GHz", "command": ["/data/home/ycc32/450_project/gem5/build/X86/gem5.opt", "--debug-flags=HWPrefetch", "-re", "--outdir=/data/home/ycc32/450_project/gem5/results/X86/run_micro/ED1/Minor4/Slow/DDR3_2133_8x8/1GHz", "gem5-config/run_micro.py", "Minor4", "Slow", "microbenchmark/ED1/bench.X86", "DDR3_2133_8x8", "--clock=1GHz"], "hash": "1d0f5c412a78f96ed75caf1c5792cce2", "type": "gem5 run", "current_time": 1639553651.9468641}