{"name": "microbench_tests", "gem5_binary": "/data/home/ycc32/450_project/gem5/build/X86/gem5.opt", "run_script": "gem5-config/run_micro.py", "params": ["Minor4", "Slow", "microbenchmark/ED1/bench.X86", "DDR3_2133_8x8", "--clock=1GHz"], "timeout": 900, "_id": "3c5f7b7c-9c13-46aa-90ea-3a9554499f46", "outdir": "/data/home/ycc32/450_project/gem5/results/X86/run_micro/ED1/Minor4/Slow/DDR3_2133_8x8/1GHz", "gem5_name": "X86", "script_name": "run_micro", "running": false, "enqueue_time": 1639120987.269364, "start_time": 1639120987.3334804, "end_time": 1639120992.349131, "return_code": 0, "kill_reason": "", "status": "Finished", "pid": 1094372, "task_id": null, "results": null, "string": "X86 run_microMinor4 Slow microbenchmark/ED1/bench.X86 DDR3_2133_8x8 --clock=1GHz", "command": ["/data/home/ycc32/450_project/gem5/build/X86/gem5.opt", "--debug-flags=HWPrefetch", "-re", "--outdir=/data/home/ycc32/450_project/gem5/results/X86/run_micro/ED1/Minor4/Slow/DDR3_2133_8x8/1GHz", "gem5-config/run_micro.py", "Minor4", "Slow", "microbenchmark/ED1/bench.X86", "DDR3_2133_8x8", "--clock=1GHz"], "hash": "1d0f5c412a78f96ed75caf1c5792cce2", "type": "gem5 run", "current_time": 1639120987.3421187}