{"name": "microbench_tests", "gem5_binary": "/workspaces/gem5/build/X86/gem5.opt", "run_script": "gem5-config/run_micro.py", "params": ["Minor4", "Slow", "microbenchmark/ED1/bench.X86", "DDR3_2133_8x8", "--clock=1GHz"], "timeout": 900, "_id": "d3fad4ca-8b16-4bf9-9ffe-4dd4259ffee2", "outdir": "/workspaces/gem5/results/X86/run_micro/ED1/Minor4/Slow/DDR3_2133_8x8/1GHz", "gem5_name": "X86", "script_name": "run_micro", "running": false, "enqueue_time": 1638050065.3837864, "start_time": 1638050065.4561436, "end_time": 1638050070.4924297, "return_code": 0, "kill_reason": "", "status": "Finished", "pid": 13128, "task_id": null, "results": null, "string": "X86 run_microMinor4 Slow microbenchmark/ED1/bench.X86 DDR3_2133_8x8 --clock=1GHz", "command": ["/workspaces/gem5/build/X86/gem5.opt", "-re", "--outdir=/workspaces/gem5/results/X86/run_micro/ED1/Minor4/Slow/DDR3_2133_8x8/1GHz", "gem5-config/run_micro.py", "Minor4", "Slow", "microbenchmark/ED1/bench.X86", "DDR3_2133_8x8", "--clock=1GHz"], "hash": "1d0f5c412a78f96ed75caf1c5792cce2", "type": "gem5 run", "current_time": 1638050065.468401}