{"name": "microbench_tests", "gem5_binary": "/data/home/ycc32/450_project/gem5/build/X86/gem5.opt", "run_script": "gem5-config/run_micro.py", "params": ["Minor4", "Slow", "microbenchmark/CCa/bench.X86", "DDR3_2133_8x8", "--clock=1GHz"], "timeout": 900, "_id": "9d509eba-7b04-4e05-942b-89a3a76a6b48", "outdir": "/data/home/ycc32/450_project/gem5/results/X86/run_micro/CCa/Minor4/Slow/DDR3_2133_8x8/1GHz", "gem5_name": "X86", "script_name": "run_micro", "running": false, "enqueue_time": 1638846765.178934, "start_time": 1638846765.2246785, "end_time": 1638846770.2411096, "return_code": 0, "kill_reason": "", "status": "Finished", "pid": 857927, "task_id": null, "results": null, "string": "X86 run_microMinor4 Slow microbenchmark/CCa/bench.X86 DDR3_2133_8x8 --clock=1GHz", "command": ["/data/home/ycc32/450_project/gem5/build/X86/gem5.opt", "--debug-flags=HWPrefetch", "-re", "--outdir=/data/home/ycc32/450_project/gem5/results/X86/run_micro/CCa/Minor4/Slow/DDR3_2133_8x8/1GHz", "gem5-config/run_micro.py", "Minor4", "Slow", "microbenchmark/CCa/bench.X86", "DDR3_2133_8x8", "--clock=1GHz"], "hash": "7b9e5c1a339287a77cc210afeec59f71", "type": "gem5 run", "current_time": 1638846765.233593}