{"name": "microbench_tests", "gem5_binary": "/data/home/ycc32/450_project/gem5/build/X86/gem5.opt", "run_script": "gem5-config/run_micro.py", "params": ["Minor4", "Slow", "microbenchmark/CCa/bench.X86", "DDR3_2133_8x8", "--clock=1GHz"], "timeout": 900, "_id": "0f7251c4-815c-4179-b37f-37c2b13cb238", "outdir": "/data/home/ycc32/450_project/gem5/results/X86/run_micro/CCa/Minor4/Slow/DDR3_2133_8x8/1GHz", "gem5_name": "X86", "script_name": "run_micro", "running": false, "enqueue_time": 1638926832.9587302, "start_time": 1638926833.0069454, "end_time": 1638926838.024258, "return_code": 0, "kill_reason": "", "status": "Finished", "pid": 985612, "task_id": null, "results": null, "string": "X86 run_microMinor4 Slow microbenchmark/CCa/bench.X86 DDR3_2133_8x8 --clock=1GHz", "command": ["/data/home/ycc32/450_project/gem5/build/X86/gem5.opt", "--debug-flags=HWPrefetch", "-re", "--outdir=/data/home/ycc32/450_project/gem5/results/X86/run_micro/CCa/Minor4/Slow/DDR3_2133_8x8/1GHz", "gem5-config/run_micro.py", "Minor4", "Slow", "microbenchmark/CCa/bench.X86", "DDR3_2133_8x8", "--clock=1GHz"], "hash": "7b9e5c1a339287a77cc210afeec59f71", "type": "gem5 run", "current_time": 1638926833.0166636}